----------------POPULATE USERS ---------------

INSERT INTO users(wpi_id, user_name, first_name, last_name, email, encrypted_password, salt, account_state)VALUES(1, 'cew', 'Craig', 'Wills', 'cre@wpi.edu', 'cre', 'salt1', 1);
INSERT INTO users(wpi_id, user_name, first_name, last_name, email, encrypted_password, salt, account_state)VALUES(2, 'emmanuel', 'Emmanuel', 'Agu', 'emmanuel@wpi.edu', 'emmanuel', 'salt2', 1);
INSERT INTO users(wpi_id, user_name, first_name, last_name, email, encrypted_password, salt, account_state)VALUES(3, 'josephbeck', 'Joseph', 'Beck', 'josephbeck@wpi.edu', 'josephbeck', 'salt3', 1);
INSERT INTO users(wpi_id, user_name, first_name, last_name, email, encrypted_password, salt, account_state)VALUES(4, 'dcb', 'David', 'Brown', 'dcb@wpi.edu', 'dcb', 'salt4', 1);
INSERT INTO users(wpi_id, user_name, first_name, last_name, email, encrypted_password, salt, account_state)VALUES(5, 'ciaraldi', 'Michael', 'Ciaraldi', 'ciaraldi@wpi.edu', 'ciaraldi' , 'salt5', 1);
INSERT INTO users(wpi_id, user_name, first_name, last_name, email, encrypted_password, salt, account_state)VALUES(6, 'claypool', 'Mark', 'Claypool', 'claypool@wpi.edu', 'claypool', 'salt6', 1);
INSERT INTO users(wpi_id, user_name, first_name, last_name, email, encrypted_password, salt, account_state)VALUES(7, 'jmcuneo', 'Joshua', 'Cuneo', 'jmcuneo@wpi.edu', 'jmcuneo', 'salt7', 1);
INSERT INTO users(wpi_id, user_name, first_name, last_name, email, encrypted_password, salt, account_state)VALUES(8, 'dd', 'Daniel', 'Dougherty', 'dd@wpi.edu', 'dd', 'salt8', 1);
INSERT INTO users(wpi_id, user_name, first_name, last_name, email, encrypted_password, salt, account_state)VALUES(9, 'meltabakh', 'Mohamed', 'Eltabakh', 'meltabakh@wpi.edu', 'meltabakh' , 'salt9', 1);
INSERT INTO users(wpi_id, user_name, first_name, last_name, email, encrypted_password, salt, account_state)VALUES(10, 'lfichera', 'Loris', 'Fichera', 'lfichera@wpi.edu', 'lfichera', 'salt10', 1);
INSERT INTO users(wpi_id, user_name, first_name, last_name, email, encrypted_password, salt, account_state)VALUES(11, 'kfisler', 'Kathryn', 'Fisler', 'kfisler@wpi.edu', 'kfisler' , 'salt11', 1);
INSERT INTO users(wpi_id, user_name, first_name, last_name, email, encrypted_password, salt, account_state)VALUES(12, 'michaelg', 'Michael', 'Gennert', 'michaelg@wpi.edu', 'michaelg' , 'salt12', 0);
INSERT INTO users(wpi_id, user_name, first_name, last_name, email, encrypted_password, salt, account_state)VALUES(13, 'tian', 'Tian', 'Guo', 'tian@wpi.edu', 'tian' , 'salt13', 1);
INSERT INTO users(wpi_id, user_name, first_name, last_name, email, encrypted_password, salt, account_state)VALUES(14, 'ghamel', 'Glynis', 'Hamel', 'ghamel@wpi.edu', 'ghamel','salt14', 1);
INSERT INTO users(wpi_id, user_name, first_name, last_name, email, encrypted_password, salt, account_state)VALUES(15, 'ltharrison', 'Lane', 'Harrison', 'ltharrison@wpi.edu', 'ltharrison','salt15', 1);
INSERT INTO users(wpi_id, user_name, first_name, last_name, email, encrypted_password, salt, account_state)VALUES(16, 'nth', 'Neil', 'Heffernan', 'nth@wpi.edu', 'nth','salt16', 1);
INSERT INTO users(wpi_id, user_name, first_name, last_name, email, encrypted_password, salt, account_state)VALUES(17, 'heineman', 'George', 'Heineman', 'heineman@wpi.edu', 'heineman','salt17', 1);
INSERT INTO users(wpi_id, user_name, first_name, last_name, email, encrypted_password, salt, account_state)VALUES(18, 'hofri', 'Micha', 'Hofri', 'hofri@wpi.edu', 'hofri','salt18', 1);
INSERT INTO users(wpi_id, user_name, first_name, last_name, email, encrypted_password, salt, account_state)VALUES(19, 'rek', 'Robert', 'Kinicki', 'rek@wpi.edu', 'rek','salt19', 1);
INSERT INTO users(wpi_id, user_name, first_name, last_name, email, encrypted_password, salt, account_state)VALUES(20, 'xkong', 'Xiangnan', 'Kong', 'xkong@wpi.edu', 'xkong','salt20', 1);
INSERT INTO users(wpi_id, user_name, first_name, last_name, email, encrypted_password, salt, account_state)VALUES(21, 'dkorkin', 'Dmitry', 'Korkin', 'dkorkin@wpi.edu', 'dkorkin','salt21', 1);
INSERT INTO users(wpi_id, user_name, first_name, last_name, email, encrypted_password, salt, account_state)VALUES(22, 'lauer', 'Hugh', 'Lauer', 'lauer@wpi.edu', 'lauer','salt22', 1);
INSERT INTO users(wpi_id, user_name, first_name, last_name, email, encrypted_password, salt, account_state)VALUES(23, 'kmlee', 'Kyumin', 'Lee', 'kmlee@wpi.edu', 'kmlee','salt23', 1);
INSERT INTO users(wpi_id, user_name, first_name, last_name, email, encrypted_password, salt, account_state)VALUES(24, 'yli', 'Yanhua', 'Li', 'yli@wpi.edu', 'yli','salt24', 1);
INSERT INTO users(wpi_id, user_name, first_name, last_name, email, encrypted_password, salt, account_state)VALUES(25,'simellostark', 'Suzanne', 'Mello-Stark', 'simellostark@wpi.edu', 'simellostark','salt25', 1);
INSERT INTO users(wpi_id, user_name, first_name, last_name, email, encrypted_password, salt, account_state)VALUES(26, 'rneamtu', 'Rodica', 'Neamtu', 'rneamtu@wpi.edu', 'rneamtu','salt26', 1);
INSERT INTO users(wpi_id, user_name, first_name, last_name, email, encrypted_password, salt, account_state)VALUES(27, 'cpinciroli', 'Carlo', 'Pinciroli', 'cpinciroli@wpi.edu', 'cpinciroli','salt27', 1);
INSERT INTO users(wpi_id, user_name, first_name, last_name, email, encrypted_password, salt, account_state)VALUES(28, 'gpollice', 'Gary', 'Pollice', 'gpollice@wpi.edu', 'gpollice','salt28', 1);
INSERT INTO users(wpi_id, user_name, first_name, last_name, email, encrypted_password, salt, account_state)VALUES(29, 'ruiz', 'Carolina', 'Ruiz', 'ruiz@wpi.edu', 'ruiz','salt29', 1);
INSERT INTO users(wpi_id, user_name, first_name, last_name, email, encrypted_password, salt, account_state)VALUES(30, 'rundenst', 'Elke', 'Rundensteiner', 'rundenst@wpi.edu', 'rundenst','salt30', 1);
INSERT INTO users(wpi_id, user_name, first_name, last_name, email, encrypted_password, salt, account_state)VALUES(31, 'gsarkozy', 'Gabor', 'Sarkozy', 'gsarkozy@wpi.edu', 'gsarkozy','salt31', 1);
INSERT INTO users(wpi_id, user_name, first_name, last_name, email, encrypted_password, salt, account_state)VALUES(32, 'dselent', 'Douglas', 'Selent', 'dselent@wpi.edu', 'dselent','salt32', 1);
INSERT INTO users(wpi_id, user_name, first_name, last_name, email, encrypted_password, salt, account_state)VALUES(33, 'cshue', 'Craig', 'Shue', 'cshue@wpi.edu', 'cshue','salt33', 1);
INSERT INTO users(wpi_id, user_name, first_name, last_name, email, encrypted_password, salt, account_state)VALUES(34, 'sidner', 'Candace', 'Sidner', 'sidner@wpi.edu', 'sidner','salt34', 1);
INSERT INTO users(wpi_id, user_name, first_name, last_name, email, encrypted_password, salt, account_state)VALUES(35, 'gmsmith', 'Gillian', 'Smith', 'gmsmith@wpi.edu', 'gmsmith','salt35', 1);
INSERT INTO users(wpi_id, user_name, first_name, last_name, email, encrypted_password, salt, account_state)VALUES(36, 'kven', 'Krishna', 'Venkatasubramanian', 'kven@wpi.edu', 'kven','salt36', 1);
INSERT INTO users(wpi_id, user_name, first_name, last_name, email, encrypted_password, salt, account_state)VALUES(37, 'rjwalls', 'Robert', 'Walls', 'rjwalls@wpi.edu', 'rjwalls','salt37', 1);
INSERT INTO users(wpi_id, user_name, first_name, last_name, email, encrypted_password, salt, account_state)VALUES(38, 'jrwhitehill', 'Jacob', 'Whitehill', 'jrwhitehill@wpi.edu', 'jrwhitehill','salt38', 1);
INSERT INTO users(wpi_id, user_name, first_name, last_name, email, encrypted_password, salt, account_state)VALUES(39, 'wwong2', 'Wilson', 'Wong', 'wwong2@wpi.edu', 'wwong2','salt39', 1);
INSERT INTO users(wpi_id, user_name, first_name, last_name, email, encrypted_password, salt, account_state)VALUES(40, 'jxiao2', 'Jing', 'Xiao', 'jxiao2@wpi.edu', 'jxiao2','salt40', 1);
INSERT INTO users(wpi_id, user_name, first_name, last_name, email, encrypted_password, salt, account_state)VALUES(41, 'nkcaligiuri', 'Nicole', 'Caligiuri', 'nkcaligiuri@wpi.edu', 'nkcaligiuri','salt41', 1);
INSERT INTO users(wpi_id, user_name, first_name, last_name, email, encrypted_password, salt, account_state)VALUES(42, 'rcane', 'Refie', 'Cane', 'rcane@wpi.edu', 'rcane','salt42', 1);
INSERT INTO users(wpi_id, user_name, first_name, last_name, email, encrypted_password, salt, account_state)VALUES(43, 'ccaron', 'Christine', 'Caron', 'ccaron@wpi.edu', 'ccaron','salt43', 1);
INSERT INTO users(wpi_id, user_name, first_name, last_name, email, encrypted_password, salt, account_state)VALUES(44, 'td', 'Tricia', 'Desmarais', 'td@wpi.edu', 'td','salt44', 1);
INSERT INTO users(wpi_id, user_name, first_name, last_name, email, encrypted_password, salt, account_state)VALUES(45, 'jleveillee', 'John', 'Leveillee', 'jleveillee@wpi.edu', 'jleveillee','salt45', 1);
INSERT INTO users(wpi_id, user_name, first_name, last_name, email, encrypted_password, salt, account_state)VALUES(46, 'dmagid', 'David', 'Magid', 'dmagid@wpi.edu', 'dmagid','salt46', 1);
INSERT INTO users(wpi_id, user_name, first_name, last_name, email, encrypted_password, salt, account_state)VALUES(47, 'mvoorhis', 'Michael', 'Voorhis', 'mvoorhis@wpi.edu', 'mvoorhis','salt47', 1);
INSERT INTO users(wpi_id, user_name, first_name, last_name, email, encrypted_password, salt, account_state)VALUES(48, 'iarroyo', 'Ivon', 'Arroyo', 'iarroyo@wpi.edu', 'iarroyo','salt48', 1);
INSERT INTO users(wpi_id, user_name, first_name, last_name, email, encrypted_password, salt, account_state)VALUES(49, 'breecher', 'Jerry', 'Breecher', 'breecher@wpi.edu', 'breecher','salt49', 1);
INSERT INTO users(wpi_id, user_name, first_name, last_name, email, encrypted_password, salt, account_state)VALUES(50, 'tgannon', 'Thomas', 'Gannon', 'tgannon@wpi.edu', 'tgannon','salt50', 1);
INSERT INTO users(wpi_id, user_name, first_name, last_name, email, encrypted_password, salt, account_state)VALUES(51, 'kal', 'Karen', 'Lemone', 'kal@wpi.edu', 'kal','salt51', 1);
INSERT INTO users(wpi_id, user_name, first_name, last_name, email, encrypted_password, salt, account_state)VALUES(52, 'kap', 'Keith', 'Pray', 'kap@wpi.edu', 'kap','salt52', 1);
INSERT INTO users(wpi_id, user_name, first_name, last_name, email, encrypted_password, salt, account_state)VALUES(53, 'sms', 'Stanley', 'Selkow', 'sms@wpi.edu', 'sms','salt53', 1);
INSERT INTO users(wpi_id, user_name, first_name, last_name, email, encrypted_password, salt, account_state)VALUES(54, 'jsingh', 'Jitendra', 'Singh', 'jsingh@wpi.edu', 'jsingh','salt54', 1);
INSERT INTO users(wpi_id, user_name, first_name, last_name, email, encrypted_password, salt, account_state)VALUES(55, 'amahadev', 'Aparna', 'Mahadev', 'amahadev@wpi.edu', 'amahadev55','salt55', 1);
INSERT INTO users(wpi_id, user_name, first_name, last_name, email, encrypted_password, salt, account_state)VALUES(56, 'akabir', 'Ahmedul', 'Kabir', 'akabir@wpi.edu', 'akabir','salt56', 1);
INSERT INTO users(wpi_id, user_name, first_name, last_name, email, encrypted_password, salt, account_state)VALUES(57, 'benelson', 'Blake', 'Nelson', 'benelson@wpi.edu', 'benelson','salt57', 1);
INSERT INTO users(wpi_id, user_name, first_name, last_name, email, encrypted_password, salt, account_state)VALUES(58, 'hcloi', 'Hao', 'Loi', 'hcloi@wpi.edu', 'hcloi','salt58', 1);
INSERT INTO users(wpi_id, user_name, first_name, last_name, email, encrypted_password, salt, account_state)VALUES(59, 'hservat', 'Herman', 'Servatius', 'hservat@wpi.edu', 'hservat','salt59', 1);
INSERT INTO users(wpi_id, user_name, first_name, last_name, email, encrypted_password, salt, account_state)VALUES(60, 'jatoro', 'Jorge', 'Toro', 'jatoro@wpi.edu', 'jatoro','salt60', 1);
INSERT INTO users(wpi_id, user_name, first_name, last_name, email, encrypted_password, salt, account_state)VALUES(61, 'slandau', 'Susan', 'Landau', 'slandau@wpi.edu', 'slandau','salt61', 1);
INSERT INTO users(wpi_id, user_name, first_name, last_name, email, encrypted_password, salt, account_state)VALUES(62, 'cngan', 'Chun-Kit', 'Ngan', 'cngan@wpi.edu', 'cngan','salt62', 1);

----------------POPULATE FACULTY ---------------

INSERT INTO faculty(rank) VALUES(1),(1),(1),(1),(1),(1),(1),(1),(1),(1),(1),(1),(1),(1),(1),(1),(1),(1),(1),(1),(1),(1),(1),(1),(1),(1),(1),(1),(1),(1),(1),(1),(1),(1),(1),(1),(1),(1),(1),(1),(1),(1),(1),(1),(1),(1),(1),(1),(1),(1),(1),(1),(1),(1),(1),(1),(1),(1),(1),(1),(1),(1),(1);

-------------POPULATE ASSOCIATION-------------

INSERT INTO user_faculty_association(user_id, faculty_id) VALUES(1,1);
INSERT INTO user_faculty_association(user_id, faculty_id) VALUES(2,2);
INSERT INTO user_faculty_association(user_id, faculty_id) VALUES(3,3);
INSERT INTO user_faculty_association(user_id, faculty_id) VALUES(4,4);
INSERT INTO user_faculty_association(user_id, faculty_id) VALUES(5,5);
INSERT INTO user_faculty_association(user_id, faculty_id) VALUES(6,6);
INSERT INTO user_faculty_association(user_id, faculty_id) VALUES(7,7);
INSERT INTO user_faculty_association(user_id, faculty_id) VALUES(8,8);
INSERT INTO user_faculty_association(user_id, faculty_id) VALUES(9,9);
INSERT INTO user_faculty_association(user_id, faculty_id) VALUES(10,10);
INSERT INTO user_faculty_association(user_id, faculty_id) VALUES(11,11);
INSERT INTO user_faculty_association(user_id, faculty_id) VALUES(12,12);
INSERT INTO user_faculty_association(user_id, faculty_id) VALUES(13,13);
INSERT INTO user_faculty_association(user_id, faculty_id) VALUES(14,14);
INSERT INTO user_faculty_association(user_id, faculty_id) VALUES(15,15);
INSERT INTO user_faculty_association(user_id, faculty_id) VALUES(16,16);
INSERT INTO user_faculty_association(user_id, faculty_id) VALUES(17,17);
INSERT INTO user_faculty_association(user_id, faculty_id) VALUES(18,18);
INSERT INTO user_faculty_association(user_id, faculty_id) VALUES(19,19);
INSERT INTO user_faculty_association(user_id, faculty_id) VALUES(20,20);
INSERT INTO user_faculty_association(user_id, faculty_id) VALUES(21,21);
INSERT INTO user_faculty_association(user_id, faculty_id) VALUES(22,22);
INSERT INTO user_faculty_association(user_id, faculty_id) VALUES(23,23);
INSERT INTO user_faculty_association(user_id, faculty_id) VALUES(24,24);
INSERT INTO user_faculty_association(user_id, faculty_id) VALUES(25,25);
INSERT INTO user_faculty_association(user_id, faculty_id) VALUES(26,26);
INSERT INTO user_faculty_association(user_id, faculty_id) VALUES(27,27);
INSERT INTO user_faculty_association(user_id, faculty_id) VALUES(28,28);
INSERT INTO user_faculty_association(user_id, faculty_id) VALUES(29,29);
INSERT INTO user_faculty_association(user_id, faculty_id) VALUES(30,30);
INSERT INTO user_faculty_association(user_id, faculty_id) VALUES(31,31);
INSERT INTO user_faculty_association(user_id, faculty_id) VALUES(32,32);
INSERT INTO user_faculty_association(user_id, faculty_id) VALUES(33,33);
INSERT INTO user_faculty_association(user_id, faculty_id) VALUES(34,34);
INSERT INTO user_faculty_association(user_id, faculty_id) VALUES(35,35);
INSERT INTO user_faculty_association(user_id, faculty_id) VALUES(36,36);
INSERT INTO user_faculty_association(user_id, faculty_id) VALUES(37,37);
INSERT INTO user_faculty_association(user_id, faculty_id) VALUES(38,38);
INSERT INTO user_faculty_association(user_id, faculty_id) VALUES(39,39);
INSERT INTO user_faculty_association(user_id, faculty_id) VALUES(40,40);
INSERT INTO user_faculty_association(user_id, faculty_id) VALUES(41,41);
INSERT INTO user_faculty_association(user_id, faculty_id) VALUES(42,42);
INSERT INTO user_faculty_association(user_id, faculty_id) VALUES(43,43);
INSERT INTO user_faculty_association(user_id, faculty_id) VALUES(44,44);
INSERT INTO user_faculty_association(user_id, faculty_id) VALUES(45,45);
INSERT INTO user_faculty_association(user_id, faculty_id) VALUES(46,46);
INSERT INTO user_faculty_association(user_id, faculty_id) VALUES(47,47);
INSERT INTO user_faculty_association(user_id, faculty_id) VALUES(48,48);
INSERT INTO user_faculty_association(user_id, faculty_id) VALUES(49,49);
INSERT INTO user_faculty_association(user_id, faculty_id) VALUES(50,50);
INSERT INTO user_faculty_association(user_id, faculty_id) VALUES(51,51);
INSERT INTO user_faculty_association(user_id, faculty_id) VALUES(52,52);
INSERT INTO user_faculty_association(user_id, faculty_id) VALUES(53,53);
INSERT INTO user_faculty_association(user_id, faculty_id) VALUES(54,54);
INSERT INTO user_faculty_association(user_id, faculty_id) VALUES(55,55);
INSERT INTO user_faculty_association(user_id, faculty_id) VALUES(56,56);
INSERT INTO user_faculty_association(user_id, faculty_id) VALUES(57,57);
INSERT INTO user_faculty_association(user_id, faculty_id) VALUES(58,58);
INSERT INTO user_faculty_association(user_id, faculty_id) VALUES(59,59);
INSERT INTO user_faculty_association(user_id, faculty_id) VALUES(60,60);
INSERT INTO user_faculty_association(user_id, faculty_id) VALUES(61,61);
INSERT INTO user_faculty_association(user_id, faculty_id) VALUES(62,62);

------POPULATE COURSE_LOAD -------
INSERT INTO course_load(amount) VALUES(3);
INSERT INTO course_load(amount) VALUES(3);
INSERT INTO course_load(amount) VALUES(1);
INSERT INTO course_load(amount) VALUES(1);
INSERT INTO course_load(amount) VALUES(3);
INSERT INTO course_load(amount) VALUES(3);
INSERT INTO course_load(amount) VALUES(1);
INSERT INTO course_load(amount) VALUES(3);
INSERT INTO course_load(amount) VALUES(2);
INSERT INTO course_load(amount) VALUES(5);
INSERT INTO course_load(amount) VALUES(1);
INSERT INTO course_load(amount) VALUES(3);
INSERT INTO course_load(amount) VALUES(2);
INSERT INTO course_load(amount) VALUES(6);
INSERT INTO course_load(amount) VALUES(3);
INSERT INTO course_load(amount) VALUES(3);
INSERT INTO course_load(amount) VALUES(2);
INSERT INTO course_load(amount) VALUES(4);
INSERT INTO course_load(amount) VALUES(3);
INSERT INTO course_load(amount) VALUES(2);
INSERT INTO course_load(amount) VALUES(5);
INSERT INTO course_load(amount) VALUES(1);
INSERT INTO course_load(amount) VALUES(1);
INSERT INTO course_load(amount) VALUES(3);
INSERT INTO course_load(amount) VALUES(3);
INSERT INTO course_load(amount) VALUES(2);
INSERT INTO course_load(amount) VALUES(3);
INSERT INTO course_load(amount) VALUES(4);
INSERT INTO course_load(amount) VALUES(1);
INSERT INTO course_load(amount) VALUES(4);
INSERT INTO course_load(amount) VALUES(0);
INSERT INTO course_load(amount) VALUES(3);
INSERT INTO course_load(amount) VALUES(2);
INSERT INTO course_load(amount) VALUES(2);
INSERT INTO course_load(amount) VALUES(4);
INSERT INTO course_load(amount) VALUES(3);
INSERT INTO course_load(amount) VALUES(1);
INSERT INTO course_load(amount) VALUES(2);
INSERT INTO course_load(amount) VALUES(4);
INSERT INTO course_load(amount) VALUES(2);
INSERT INTO course_load(amount) VALUES(1);
INSERT INTO course_load(amount) VALUES(2);
INSERT INTO course_load(amount) VALUES(0);

----------POPULATE ASSOCIATION---------------
INSERT INTO course_load_association(faculty_id, course_load_id) VALUES (56,1);
INSERT INTO course_load_association(faculty_id, course_load_id) VALUES (57,2);
INSERT INTO course_load_association(faculty_id, course_load_id) VALUES (1,3);
INSERT INTO course_load_association(faculty_id, course_load_id) VALUES (62,4);
INSERT INTO course_load_association(faculty_id, course_load_id) VALUES (29,5);
INSERT INTO course_load_association(faculty_id, course_load_id) VALUES (33,6);
INSERT INTO course_load_association(faculty_id, course_load_id) VALUES (27,6);
INSERT INTO course_load_association(faculty_id, course_load_id) VALUES (8,8);
INSERT INTO course_load_association(faculty_id, course_load_id) VALUES (21,9);
INSERT INTO course_load_association(faculty_id, course_load_id) VALUES (32,10);
INSERT INTO course_load_association(faculty_id, course_load_id) VALUES (30,11);
INSERT INTO course_load_association(faculty_id, course_load_id) VALUES (2,12);
INSERT INTO course_load_association(faculty_id, course_load_id) VALUES (28,13);
INSERT INTO course_load_association(faculty_id, course_load_id) VALUES (14,14);
INSERT INTO course_load_association(faculty_id, course_load_id) VALUES (17,15);
INSERT INTO course_load_association(faculty_id, course_load_id) VALUES (31,16);
INSERT INTO course_load_association(faculty_id, course_load_id) VALUES (58,17);
INSERT INTO course_load_association(faculty_id, course_load_id) VALUES (22,18);
INSERT INTO course_load_association(faculty_id, course_load_id) VALUES (59,19);
INSERT INTO course_load_association(faculty_id, course_load_id) VALUES (3,20);
INSERT INTO course_load_association(faculty_id, course_load_id) VALUES (49,21);
INSERT INTO course_load_association(faculty_id, course_load_id) VALUES (7,22);
INSERT INTO course_load_association(faculty_id, course_load_id) VALUES (54,23);
INSERT INTO course_load_association(faculty_id, course_load_id) VALUES (60,24);
INSERT INTO course_load_association(faculty_id, course_load_id) VALUES (38,25);
INSERT INTO course_load_association(faculty_id, course_load_id) VALUES (36,26);
INSERT INTO course_load_association(faculty_id, course_load_id) VALUES (52,27);
INSERT INTO course_load_association(faculty_id, course_load_id) VALUES (15,28);
INSERT INTO course_load_association(faculty_id, course_load_id) VALUES (18,29);
INSERT INTO course_load_association(faculty_id, course_load_id) VALUES (6,30);
INSERT INTO course_load_association(faculty_id, course_load_id) VALUES (5,31);
INSERT INTO course_load_association(faculty_id, course_load_id) VALUES (12,32);
INSERT INTO course_load_association(faculty_id, course_load_id) VALUES (9,33);
INSERT INTO course_load_association(faculty_id, course_load_id) VALUES (16,34);
INSERT INTO course_load_association(faculty_id, course_load_id) VALUES (37,35);
INSERT INTO course_load_association(faculty_id, course_load_id) VALUES (26,36);
INSERT INTO course_load_association(faculty_id, course_load_id) VALUES (25,37);
INSERT INTO course_load_association(faculty_id, course_load_id) VALUES (61,38);
INSERT INTO course_load_association(faculty_id, course_load_id) VALUES (13,39);
INSERT INTO course_load_association(faculty_id, course_load_id) VALUES (39,40);
INSERT INTO course_load_association(faculty_id, course_load_id) VALUES (20,41);
INSERT INTO course_load_association(faculty_id, course_load_id) VALUES (24,42);
INSERT INTO course_load_association(faculty_id, course_load_id) VALUES (55,43);

----------------POPULATE COURSES ---------------

INSERT INTO public.courses("number", name, frequency) VALUES ('1004', 'INTRO TO PROGRAMMING FOR NON-MAJORS', 4);
INSERT INTO public.courses("number", name, frequency) VALUES ('1101', 'INTRO TO PROGRAM DESIGN', 4);
INSERT INTO public.courses("number", name, frequency) VALUES ('2011', 'INTRO TO MACHINE ORGANIZATION AND ASSEMBLY', 4);
INSERT INTO public.courses("number", name, frequency) VALUES ('2022', 'DISCRETE MATHEMATICS', 4);
INSERT INTO public.courses("number", name, frequency) VALUES ('2102', 'OBJECT-ORIENTED DESIGN CONCEPTS', 4);
INSERT INTO public.courses("number", name, frequency) VALUES ('2119', 'APPLICATION BUILDING WITH OBJECT-ORIENTED CONCEPTS', 4);
INSERT INTO public.courses("number", name, frequency) VALUES ('2223', 'ALGORITHMS', 4);
INSERT INTO public.courses("number", name, frequency) VALUES ('2301', 'SYSTEMS PROGRAMMING FOR NON-MAJORS', 4);
INSERT INTO public.courses("number", name, frequency) VALUES ('2303', 'SYSTEMS PROGRAMMING CONCEPTS', 4);
INSERT INTO public.courses("number", name, frequency) VALUES ('3013', 'OPERATING SYSTEMS', 4);
INSERT INTO public.courses("number", name, frequency) VALUES ('3041', 'HUMAN-COMPUTER INTERATION', 4);
INSERT INTO public.courses("number", name, frequency) VALUES ('3043', 'SOCIAL IMPLICATIONS OF INFORMATION PROCESSING', 4);
INSERT INTO public.courses("number", name, frequency) VALUES ('3133', 'FOUNDATIONS OF COMPUTER SCIENCE', 4);
INSERT INTO public.courses("number", name, frequency) VALUES ('3431', 'DATABASE SYSTEMS I', 4);
INSERT INTO public.courses("number", name, frequency) VALUES ('3733', 'SOFTWARE ENGINEERING', 4);
INSERT INTO public.courses("number", name, frequency) VALUES ('4032', 'NUMERIC METHODS FOR LINEAR AND NONLINEAR SYSTEMS', 4);
INSERT INTO public.courses("number", name, frequency) VALUES ('4120', 'ANALYSIS OF ALGORITHMS', .5);
INSERT INTO public.courses("number", name, frequency) VALUES ('4341', 'INTRO TO ARTIFICIAL INTELLIGENCE', 4);
INSERT INTO public.courses("number", name, frequency) VALUES ('4401', 'SOFTWARE SECURITY ENGINEERING', 4);
INSERT INTO public.courses("number", name, frequency) VALUES ('4432', 'DATABASE SYSTEMS II', .5);
INSERT INTO public.courses("number", name, frequency) VALUES ('4513', 'DISTRIBUTED COMPUTER SYSTEMS', .5);
INSERT INTO public.courses("number", name, frequency) VALUES ('4518', 'MOBILE AND UBIQUITOUS COMPUTING', 4);
INSERT INTO public.courses("number", name, frequency) VALUES ('4536', 'PROGRAMMING LANGUAGES', .5);
INSERT INTO public.courses("number", name, frequency) VALUES ('453X', 'MACHINE LEARNING', 4);
INSERT INTO public.courses("number", name, frequency) VALUES ('4731', 'COMPUTER GRAPHICS', 4);
INSERT INTO public.courses("number", name, frequency) VALUES ('4802', 'BIOVISUALIZATION', .5);
INSERT INTO public.courses("number", name, frequency) VALUES ('5003', 'FOUNDATIONS OF COMPUTER SCIENCE: AN INTRO', 4);
INSERT INTO public.courses("number", name, frequency) VALUES ('5007', 'INTRODUCTION TO PROGRAMMING CONCEPTS, DATA STRUCTURES, AND ALGORITMS', 4);
INSERT INTO public.courses("number", name, frequency) VALUES ('503', 'FOUNDATIONS OF COMPUTER SCIENCE', 4);
INSERT INTO public.courses("number", name, frequency) VALUES ('509', 'DESIGN OF SOFTWARE SYSTEMS', 4);
INSERT INTO public.courses("number", name, frequency) VALUES ('525', 'SPECIAL TOPICS', 4);
INSERT INTO public.courses("number", name, frequency) VALUES ('534', 'ARTIFICIAL INTELLIGENCE', 4);
INSERT INTO public.courses("number", name, frequency) VALUES ('539', 'MACHINE LEARNING', 4);
INSERT INTO public.courses("number", name, frequency) VALUES ('542', 'DATABASE MANAGEMENT SYSTEMS', 4);
INSERT INTO public.courses("number", name, frequency) VALUES ('543', 'COMPUTER GRAPHICS', 4);
INSERT INTO public.courses("number", name, frequency) VALUES ('548', 'KNOWLEDGE DISCOVERY AND DATA MINING', 4);
INSERT INTO public.courses("number", name, frequency) VALUES ('565', 'USER MODELING', 4);
INSERT INTO public.courses("number", name, frequency) VALUES ('571', 'CASE STUDIES IN COMPUTER SECURITY', 4);
INSERT INTO public.courses("number", name, frequency) VALUES ('573', 'DATA VISUALIZATION', 4);
INSERT INTO public.courses("number", name, frequency) VALUES ('582', 'BIOVISUALIZATION', 4);
INSERT INTO public.courses("number", name, frequency) VALUES ('585', 'BIG DATA MANAGEMENT', 4);
INSERT INTO public.courses("number", name, frequency) VALUES ('586', 'BIG DATA ANALYTICS', 4);
INSERT INTO public.courses("number", name, frequency) VALUES ('210X', 'ACCELERATED OBJECT-ORIENTED DESIGN CONCEPTS', 4);
INSERT INTO public.courses("number", name, frequency) VALUES ('403X', 'MOBILE AND UBIQUITOUS COMPUTING', 4);
INSERT INTO public.courses("number", name, frequency) VALUES ('1102', 'ACCELERATED INTRODUCTION TO PROGRAM DESIGN', 4);
INSERT INTO public.courses("number", name, frequency) VALUES ('2103', 'ACCELERATED OBJECT-ORIENTED DESIGN CONCEPTS', 4);
INSERT INTO public.courses("number", name, frequency) VALUES ('3516', 'COMPUTER NETWORKS', 4);
INSERT INTO public.courses("number", name, frequency) VALUES ('4033', 'NUMERICAL METHODS FOR CALCULUS AND DIFFERENTIAL EQUATIONS', 4);
INSERT INTO public.courses("number", name, frequency) VALUES ('4100', 'ARTIFICIAL INTELLIGENCE FOR INTERACTIVE MEDIA AND GAMES', .5);
INSERT INTO public.courses("number", name, frequency) VALUES ('4123', 'THEORY OF COMPUTATION', .5);
INSERT INTO public.courses("number", name, frequency) VALUES ('4233', 'OBJECT-ORIENTED ANALYSIS AND DESIGN', .5);
INSERT INTO public.courses("number", name, frequency) VALUES ('4241', 'WEBWARE: COMPUTATIONAL TECHNOLOGY FOR NETWORK INFORMATION SYSTEMS', 4);
INSERT INTO public.courses("number", name, frequency) VALUES ('4404', 'TOOLS AND TECHNIQUES IN COMPUTER NETWORK SECURITY', 4);
INSERT INTO public.courses("number", name, frequency) VALUES ('4445', 'DATA MINING AND KNOWLEDGE DISCOVERY IN DATABASES', .5);
INSERT INTO public.courses("number", name, frequency) VALUES ('4515', 'COMPUTER ARCHITECTURE', .5);
INSERT INTO public.courses("number", name, frequency) VALUES ('4516', 'ADVANCED COMPUTER NETWORKS', .5);
INSERT INTO public.courses("number", name, frequency) VALUES ('4533', 'TECHNIQUES OF PROGRAMMING LANGUAGE TRANSLATION', .5);
INSERT INTO public.courses("number", name, frequency) VALUES ('4732', 'COMPUTER ANIMATION', .5);
INSERT INTO public.courses("number", name, frequency) VALUES ('4801', 'INTRODUCTION TO CRYPTOGRAPHY AND COMMUNICATION SECURITY', 4);
INSERT INTO public.courses("number", name, frequency) VALUES ('4803', 'BIOLOGICAL AND BIOMEDICAL DATABASE MINING', .5);
INSERT INTO public.courses("number", name, frequency) VALUES ('502', 'OPERATING SYSTEMS', 4);
INSERT INTO public.courses("number", name, frequency) VALUES ('504', 'ANALYSIS OF COMPUTATIONS AND SYSTEMS', 4);
INSERT INTO public.courses("number", name, frequency) VALUES ('513', 'COMPUTER NETWORKS', 4);
INSERT INTO public.courses("number", name, frequency) VALUES ('514', 'ADVANCED SYSTEMS ARCHITECTURE', 4);
INSERT INTO public.courses("number", name, frequency) VALUES ('521', 'LOGIC IN COMPUTER SCIENCE', 4);
INSERT INTO public.courses("number", name, frequency) VALUES ('522', 'NUMERICAL METHODS', 4);
INSERT INTO public.courses("number", name, frequency) VALUES ('526', 'HUMAN-ROBOT INTERATION', 4);
INSERT INTO public.courses("number", name, frequency) VALUES ('528', 'MOBILE AND UBIQUITOUS COMPUTING', 4);
INSERT INTO public.courses("number", name, frequency) VALUES ('529', 'MULTIMEDIA NETWORKING', 4);
INSERT INTO public.courses("number", name, frequency) VALUES ('530', 'HIGH-PERFORMANCE NETWORKS', 4);
INSERT INTO public.courses("number", name, frequency) VALUES ('533', 'MODELING AND PERFORMANCE EVALUATION OF NETWORK AND COMPUTER SYSTEMS', 4);
INSERT INTO public.courses("number", name, frequency) VALUES ('535', 'ADVANCED TOPICS IN OPERATING SYSTEMS', 4);
INSERT INTO public.courses("number", name, frequency) VALUES ('536', 'PROGRAMMING LANGUAGE DESIGN', 4);
INSERT INTO public.courses("number", name, frequency) VALUES ('540', 'ARTIFICIAL INTELLIGENCE IN DESIGN', 4);
INSERT INTO public.courses("number", name, frequency) VALUES ('544', 'COMPILER CONSTRUCTION', 4);
INSERT INTO public.courses("number", name, frequency) VALUES ('545', 'DIGITAL IMAGE PROCESSING', 4);
INSERT INTO public.courses("number", name, frequency) VALUES ('546', 'HUMAN-COMPUTER INTERACTION', 4);
INSERT INTO public.courses("number", name, frequency) VALUES ('549', 'COMPUTER VISION', 4);
INSERT INTO public.courses("number", name, frequency) VALUES ('557', 'SOFTWARE SECURITY DESIGN AND ANALYSIS', 4);
INSERT INTO public.courses("number", name, frequency) VALUES ('558', 'COMPUTER NETWORK SECURITY', 4);
INSERT INTO public.courses("number", name, frequency) VALUES ('561', 'ADVANCED TOPICS IN DATABASE SYSTEMS', 4);
INSERT INTO public.courses("number", name, frequency) VALUES ('562', 'ADVANCES TOPICS IN SOFTWARE ENGINEERING', 4);
INSERT INTO public.courses("number", name, frequency) VALUES ('564', 'ADVANCED TOPICS IN COMPUTER SECURITY', 4);
INSERT INTO public.courses("number", name, frequency) VALUES ('566', 'GRAPHICAL MODELS FOR REASONING UNDER UNCERTAINTY', 4);
INSERT INTO public.courses("number", name, frequency) VALUES ('567', 'EMPIRICAL MODELS FOR HUMAN-CENTERED COMPUTING', 4);
INSERT INTO public.courses("number", name, frequency) VALUES ('568', 'ARTIFICIAL INTELLIGENCE FOR ADAPTIVE EDUCATIONAL TECHNOLOGY', 4);
INSERT INTO public.courses("number", name, frequency) VALUES ('577', 'ADVANCED COMPUTER AND COMMUNICATIONS NETWORKS', 4);
INSERT INTO public.courses("number", name, frequency) VALUES ('578', 'CRYPTOGRAPHY AND DATA SECURITY', 4);
INSERT INTO public.courses("number", name, frequency) VALUES ('583', 'BIOLOGICAL AND BIOMEDICAL DATABASE MINING', 4);
INSERT INTO public.courses("number", name, frequency) VALUES ('584', 'ALGORITHMS: DESIGN AND ANALYSIS', 4);
INSERT INTO public.courses("number", name, frequency) VALUES ('5084', 'INTRODUCTION TO ALGORITHMS: DESIGN AND ANALYSIS', 4);

----------------POPULATE CALENDAR ---------------

INSERT INTO public.calendar(year, semester, days, start_time, end_time) VALUES (2018, 'C', 'M', '10:00', '10:50');
INSERT INTO public.calendar(year, semester, days, start_time, end_time) VALUES (2018, 'C', 'M', '11:00', '11:50');
INSERT INTO public.calendar(year, semester, days, start_time, end_time) VALUES (2018, 'C', 'M', '12:00', '12:50');
INSERT INTO public.calendar(year, semester, days, start_time, end_time) VALUES (2018, 'S', 'M', '6:00', '8:50');
INSERT INTO public.calendar(year, semester, days, start_time, end_time) VALUES (2018, 'C', 'T', '11:00', '11:50');
INSERT INTO public.calendar(year, semester, days, start_time, end_time) VALUES (2018, 'C', 'T', '12:00', '12:50');
INSERT INTO public.calendar(year, semester, days, start_time, end_time) VALUES (2018, 'C', 'T', '1:00', '1:50');
INSERT INTO public.calendar(year, semester, days, start_time, end_time) VALUES (2018, 'C', 'T', '3:00', '3:50');
INSERT INTO public.calendar(year, semester, days, start_time, end_time) VALUES (2018, 'C', 'W', '8:00', '8:50');
INSERT INTO public.calendar(year, semester, days, start_time, end_time) VALUES (2018, 'C', 'W', '9:00', '9:50');
INSERT INTO public.calendar(year, semester, days, start_time, end_time) VALUES (2018, 'C', 'W', '10:00', '10:50');
INSERT INTO public.calendar(year, semester, days, start_time, end_time) VALUES (2018, 'C', 'W', '11:00', '11:50');
INSERT INTO public.calendar(year, semester, days, start_time, end_time) VALUES (2018, 'C', 'W', '12:00', '12:50');
INSERT INTO public.calendar(year, semester, days, start_time, end_time) VALUES (2018, 'C', 'W', '1:00', '1:50');
INSERT INTO public.calendar(year, semester, days, start_time, end_time) VALUES (2018, 'C', 'W', '1:00', '2:50');
INSERT INTO public.calendar(year, semester, days, start_time, end_time) VALUES (2018, 'C', 'W', '2:00', '2:50');
INSERT INTO public.calendar(year, semester, days, start_time, end_time) VALUES (2018, 'C', 'W', '3:00', '3:50');
INSERT INTO public.calendar(year, semester, days, start_time, end_time) VALUES (2018, 'C', 'W', '4:00', '4:50');
INSERT INTO public.calendar(year, semester, days, start_time, end_time) VALUES (2018, 'C', 'MW', '4:00', '5:50');
INSERT INTO public.calendar(year, semester, days, start_time, end_time) VALUES (2018, 'C', 'MR', '11:00', '12:50');
INSERT INTO public.calendar(year, semester, days, start_time, end_time) VALUES (2018, 'C', 'MR', '12:00', '1:50');
INSERT INTO public.calendar(year, semester, days, start_time, end_time) VALUES (2018, 'C', 'MR', '2:00', '3:50');
INSERT INTO public.calendar(year, semester, days, start_time, end_time) VALUES (2018, 'C', 'TF', '9:00', '10:50');
INSERT INTO public.calendar(year, semester, days, start_time, end_time) VALUES (2018, 'C', 'TF', '12:00', '1:50');
INSERT INTO public.calendar(year, semester, days, start_time, end_time) VALUES (2018, 'C', 'MTRF', '9:00', '9:50');
INSERT INTO public.calendar(year, semester, days, start_time, end_time) VALUES (2018, 'C', 'MTRF', '10:00', '10:50');
INSERT INTO public.calendar(year, semester, days, start_time, end_time) VALUES (2018, 'C', 'MTRF', '12:00', '12:50');
INSERT INTO public.calendar(year, semester, days, start_time, end_time) VALUES (2018, 'C', 'MTRF', '2:00', '2:50');
INSERT INTO public.calendar(year, semester, days, start_time, end_time) VALUES (2018, 'C', 'MTRF', '3:00', '3:50');
INSERT INTO public.calendar(year, semester, days, start_time, end_time) VALUES (2018, 'C', 'MTRF', '4:00', '4:50');
INSERT INTO public.calendar(year, semester, days, start_time, end_time) VALUES (2018, 'D', 'W', '8:00', '8:50');
INSERT INTO public.calendar(year, semester, days, start_time, end_time) VALUES (2018, 'D', 'W', '9:00', '9:50');
INSERT INTO public.calendar(year, semester, days, start_time, end_time) VALUES (2018, 'D', 'W', '10:00', '10:50');
INSERT INTO public.calendar(year, semester, days, start_time, end_time) VALUES (2018, 'D', 'W', '11:00', '11:50');
INSERT INTO public.calendar(year, semester, days, start_time, end_time) VALUES (2018, 'D', 'W', '12:00', '12:50');
INSERT INTO public.calendar(year, semester, days, start_time, end_time) VALUES (2018, 'D', 'W', '12:00', '1:50');
INSERT INTO public.calendar(year, semester, days, start_time, end_time) VALUES (2018, 'D', 'W', '1:00', '1:50');
INSERT INTO public.calendar(year, semester, days, start_time, end_time) VALUES (2018, 'D', 'W', '2:00', '2:50');
INSERT INTO public.calendar(year, semester, days, start_time, end_time) VALUES (2018, 'D', 'W', '3:00', '3:50');
INSERT INTO public.calendar(year, semester, days, start_time, end_time) VALUES (2018, 'D', 'W', '3:00', '4:50');
INSERT INTO public.calendar(year, semester, days, start_time, end_time) VALUES (2018, 'D', 'W', '4:00', '4:50');
INSERT INTO public.calendar(year, semester, days, start_time, end_time) VALUES (2018, 'D', 'MR', '11:00', '12:50');
INSERT INTO public.calendar(year, semester, days, start_time, end_time) VALUES (2018, 'D', 'MR', '2:00', '3:50');
INSERT INTO public.calendar(year, semester, days, start_time, end_time) VALUES (2018, 'D', 'TF', '4:00', '5:50');
INSERT INTO public.calendar(year, semester, days, start_time, end_time) VALUES (2018, 'D', 'MTRF', '9:00', '9:50');
INSERT INTO public.calendar(year, semester, days, start_time, end_time) VALUES (2018, 'D', 'MTRF', '10:00', '10:50');
INSERT INTO public.calendar(year, semester, days, start_time, end_time) VALUES (2018, 'D', 'MTRF', '12:00', '12:50');
INSERT INTO public.calendar(year, semester, days, start_time, end_time) VALUES (2018, 'D', 'MTRF', '1:00', '1:50');
INSERT INTO public.calendar(year, semester, days, start_time, end_time) VALUES (2018, 'D', 'MTRF', '2:00', '2:50');
INSERT INTO public.calendar(year, semester, days, start_time, end_time) VALUES (2018, 'D', 'MTRF', '3:00', '3:50');
INSERT INTO public.calendar(year, semester, days, start_time, end_time) VALUES (2018, 'S', 'W', '6:00', '8:50');
INSERT INTO public.calendar(year, semester, days, start_time, end_time) VALUES (2018, 'S', 'R', '6:00', '8:50');
INSERT INTO public.calendar(year, semester, days, start_time, end_time) VALUES (2018, 'S', 'MW', '12:00', '1:20');
INSERT INTO public.calendar(year, semester, days, start_time, end_time) VALUES (2018, 'S', 'MW', '1:00', '2:20');
INSERT INTO public.calendar(year, semester, days, start_time, end_time) VALUES (2018, 'S', 'MW', '4:00', '5:20');
INSERT INTO public.calendar(year, semester, days, start_time, end_time) VALUES (2018, 'S', 'MW', '4:00', '5:30');
INSERT INTO public.calendar(year, semester, days, start_time, end_time) VALUES (2018, 'S', 'MW', '4:00', '5:50');
INSERT INTO public.calendar(year, semester, days, start_time, end_time) VALUES (2018, 'S', 'MR', '10:00', '11:50');
INSERT INTO public.calendar(year, semester, days, start_time, end_time) VALUES (2018, 'S', 'TR', '4:00', '5:20');

----------------POPULATE SCHEDULES ---------------

INSERT INTO public.schedule(faculty_id, schedule_name) VALUES (1, 'Schedule for Craig Wills');
INSERT INTO public.schedule(faculty_id, schedule_name) VALUES (2, 'Schedule for Emmanuel Agu');
INSERT INTO public.schedule(faculty_id, schedule_name) VALUES (3, 'Schedule for Joseph Beck');
INSERT INTO public.schedule(faculty_id, schedule_name) VALUES (4, 'Schedule for David Brown');
INSERT INTO public.schedule(faculty_id, schedule_name) VALUES (5, 'Schedule for Michael Ciaraldi');
INSERT INTO public.schedule(faculty_id, schedule_name) VALUES (6, 'Schedule for Mark Claypool');
INSERT INTO public.schedule(faculty_id, schedule_name) VALUES (7, 'Schedule for Joshua Cuneo');
INSERT INTO public.schedule(faculty_id, schedule_name) VALUES (8, 'Schedule for Daniel Dougherty');
INSERT INTO public.schedule(faculty_id, schedule_name) VALUES (9, 'Schedule for Mohamed Eltabakh');
INSERT INTO public.schedule(faculty_id, schedule_name) VALUES (10, 'Schedule for Loris Fichera');
INSERT INTO public.schedule(faculty_id, schedule_name) VALUES (11, 'Schedule for Kathryn Fisler');
INSERT INTO public.schedule(faculty_id, schedule_name) VALUES (12, 'Schedule for Michael Gennert');
INSERT INTO public.schedule(faculty_id, schedule_name) VALUES (13, 'Schedule for Tian Guo');
INSERT INTO public.schedule(faculty_id, schedule_name) VALUES (14, 'Schedule for Glynis Hamel');
INSERT INTO public.schedule(faculty_id, schedule_name) VALUES (15, 'Schedule for Lane Harrison');
INSERT INTO public.schedule(faculty_id, schedule_name) VALUES (16, 'Schedule for Neil Heffernan');
INSERT INTO public.schedule(faculty_id, schedule_name) VALUES (17, 'Schedule for George Heineman');
INSERT INTO public.schedule(faculty_id, schedule_name) VALUES (18, 'Schedule for Micha Hofri');
INSERT INTO public.schedule(faculty_id, schedule_name) VALUES (19, 'Schedule for Robert Kinicki');
INSERT INTO public.schedule(faculty_id, schedule_name) VALUES (20, 'Schedule for Xiangnan Kong');
INSERT INTO public.schedule(faculty_id, schedule_name) VALUES (21, 'Schedule for Dmitry Korkin');
INSERT INTO public.schedule(faculty_id, schedule_name) VALUES (22, 'Schedule for Hugh Lauer');
INSERT INTO public.schedule(faculty_id, schedule_name) VALUES (23, 'Schedule for Kyumin Lee');
INSERT INTO public.schedule(faculty_id, schedule_name) VALUES (24, 'Schedule for Yanhua Lee');
INSERT INTO public.schedule(faculty_id, schedule_name) VALUES (25, 'Schedule for Suzanne Mello-Stark');
INSERT INTO public.schedule(faculty_id, schedule_name) VALUES (26, 'Schedule for Rodica Neamtu');
INSERT INTO public.schedule(faculty_id, schedule_name) VALUES (27, 'Schedule for Carlo Pinciroli');
INSERT INTO public.schedule(faculty_id, schedule_name) VALUES (28, 'Schedule for Gary Pollice');
INSERT INTO public.schedule(faculty_id, schedule_name) VALUES (29, 'Schedule for Carolina Ruiz');
INSERT INTO public.schedule(faculty_id, schedule_name) VALUES (30, 'Schedule for Elke Rundensteiner');
INSERT INTO public.schedule(faculty_id, schedule_name) VALUES (31, 'Schedule for Gabor Sarkozy');
INSERT INTO public.schedule(faculty_id, schedule_name) VALUES (32, 'Schedule for Douglas Selent');
INSERT INTO public.schedule(faculty_id, schedule_name) VALUES (33, 'Schedule for Craig Shue');
INSERT INTO public.schedule(faculty_id, schedule_name) VALUES (34, 'Schedule for Candace Sidner');
INSERT INTO public.schedule(faculty_id, schedule_name) VALUES (35, 'Schedule for Gillian Smith');
INSERT INTO public.schedule(faculty_id, schedule_name) VALUES (36, 'Schedule for Krishna Venkatasubramanian');
INSERT INTO public.schedule(faculty_id, schedule_name) VALUES (37, 'Schedule for Robert Wall');
INSERT INTO public.schedule(faculty_id, schedule_name) VALUES (38, 'Schedule for Jacob Whitehill');
INSERT INTO public.schedule(faculty_id, schedule_name) VALUES (39, 'Schedule for Wilson Wong');
INSERT INTO public.schedule(faculty_id, schedule_name) VALUES (40, 'Schedule for Jing Xiao');
INSERT INTO public.schedule(faculty_id, schedule_name) VALUES (41, 'Schedule for Nicole Caligiuri');
INSERT INTO public.schedule(faculty_id, schedule_name) VALUES (42, 'Schedule for Refie Cane');
INSERT INTO public.schedule(faculty_id, schedule_name) VALUES (43, 'Schedule for Christine Caron');
INSERT INTO public.schedule(faculty_id, schedule_name) VALUES (44, 'Schedule for Tricia Desmerais');
INSERT INTO public.schedule(faculty_id, schedule_name) VALUES (45, 'Schedule for John Leveillee');
INSERT INTO public.schedule(faculty_id, schedule_name) VALUES (46, 'Schedule for David Magid');
INSERT INTO public.schedule(faculty_id, schedule_name) VALUES (47, 'Schedule for Michael Voorhis');
INSERT INTO public.schedule(faculty_id, schedule_name) VALUES (48, 'Schedule for Ivon Arroyo');
INSERT INTO public.schedule(faculty_id, schedule_name) VALUES (49, 'Schedule for Jerry Breecher');
INSERT INTO public.schedule(faculty_id, schedule_name) VALUES (50, 'Schedule for Thomas Gannon');
INSERT INTO public.schedule(faculty_id, schedule_name) VALUES (51, 'Schedule for Karen Lemone');
INSERT INTO public.schedule(faculty_id, schedule_name) VALUES (52, 'Schedule for Keith Pray');
INSERT INTO public.schedule(faculty_id, schedule_name) VALUES (53, 'Schedule for Stanley Selkow');
INSERT INTO public.schedule(faculty_id, schedule_name) VALUES (54, 'Schedule for Jitendra Singh');
INSERT INTO public.schedule(faculty_id, schedule_name) VALUES (55, 'Schedule for Aparna Mahadev');
INSERT INTO public.schedule(faculty_id, schedule_name) VALUES (56, 'Schedule for Ahmedul Kabir');
INSERT INTO public.schedule(faculty_id, schedule_name) VALUES (57, 'Schedule for Blake Nelson');
INSERT INTO public.schedule(faculty_id, schedule_name) VALUES (58, 'Schedule for Hao Loi');
INSERT INTO public.schedule(faculty_id, schedule_name) VALUES (59, 'Schedule for Herman Servatius');
INSERT INTO public.schedule(faculty_id, schedule_name) VALUES (60, 'Schedule for Jorge Toro');
INSERT INTO public.schedule(faculty_id, schedule_name) VALUES (61, 'Schedule for Susan Landau');
INSERT INTO public.schedule(faculty_id, schedule_name) VALUES (62, 'Schedule for Chun-Kit Ngan');

----------------POPULATE SECTIONS ---------------

INSERT INTO public.sections(crn, name, type, expected_population, course_id, calendar_id, schedule_id) VALUES (23431, 'X01', 'lab', 27, 1, 9, 58);
INSERT INTO public.sections(crn, name, type, expected_population, course_id, calendar_id, schedule_id) VALUES (21262, 'X02', 'lab', 27, 1, 12, 58);
INSERT INTO public.sections(crn, name, type, expected_population, course_id, calendar_id, schedule_id) VALUES (21263, 'X03', 'lab', 27, 1, 17, 58);
INSERT INTO public.sections(crn, name, type, expected_population, course_id, calendar_id, schedule_id) VALUES (21264, 'X04', 'lab', 27, 1, 18, 58);
INSERT INTO public.sections(crn, name, type, expected_population, course_id, calendar_id, schedule_id) VALUES (23384, 'X05', 'lab', 27, 1, 7, 58);
INSERT INTO public.sections(crn, name, type, expected_population, course_id, calendar_id, schedule_id) VALUES (23385, 'X06', 'lab', 27, 1, 5, 58);
INSERT INTO public.sections(crn, name, type, expected_population, course_id, calendar_id, schedule_id) VALUES (21261, '01', 'lecture', 162, 1, 27, 58);
INSERT INTO public.sections(crn, name, type, expected_population, course_id, calendar_id, schedule_id) VALUES (20332, '01', 'lecture', 135, 2, 26, 14);
INSERT INTO public.sections(crn, name, type, expected_population, course_id, calendar_id, schedule_id) VALUES (20334, 'X03', 'lab', 27, 2, 11, 14);
INSERT INTO public.sections(crn, name, type, expected_population, course_id, calendar_id, schedule_id) VALUES (20417, 'X05', 'lab', 27, 2, 10, 14);
INSERT INTO public.sections(crn, name, type, expected_population, course_id, calendar_id, schedule_id) VALUES (20375, 'X04', 'lab', 27, 2, 16, 14);
INSERT INTO public.sections(crn, name, type, expected_population, course_id, calendar_id, schedule_id) VALUES (23432, 'X01', 'lab', 27, 2, 14, 14);
INSERT INTO public.sections(crn, name, type, expected_population, course_id, calendar_id, schedule_id) VALUES (20333, 'X02', 'lab', 27, 2, 13, 14);
INSERT INTO public.sections(crn, name, type, expected_population, course_id, calendar_id, schedule_id) VALUES (20340, '03', 'lecture', 27, 3, 45, 5);
INSERT INTO public.sections(crn, name, type, expected_population, course_id, calendar_id, schedule_id) VALUES (20340, '03', 'lab', 27, 3, 34, 5);
INSERT INTO public.sections(crn, name, type, expected_population, course_id, calendar_id, schedule_id) VALUES (20339, '02', 'lecture', 27, 3, 45, 5);
INSERT INTO public.sections(crn, name, type, expected_population, course_id, calendar_id, schedule_id) VALUES (20339, '02', 'lab', 27, 3, 33, 5);
INSERT INTO public.sections(crn, name, type, expected_population, course_id, calendar_id, schedule_id) VALUES (20423, '05', 'lecture', 27, 3, 45, 5);
INSERT INTO public.sections(crn, name, type, expected_population, course_id, calendar_id, schedule_id) VALUES (20423, '05', 'lab', 27, 3, 35, 5);
INSERT INTO public.sections(crn, name, type, expected_population, course_id, calendar_id, schedule_id) VALUES (20422, '04', 'lecture', 27, 3, 45, 5);
INSERT INTO public.sections(crn, name, type, expected_population, course_id, calendar_id, schedule_id) VALUES (20422, '04', 'lab', 27, 3, 31, 5);
INSERT INTO public.sections(crn, name, type, expected_population, course_id, calendar_id, schedule_id) VALUES (20338, '01', 'lecture', 27, 3, 45, 5);
INSERT INTO public.sections(crn, name, type, expected_population, course_id, calendar_id, schedule_id) VALUES (20338, '01', 'lab', 27, 3, 32, 5);
INSERT INTO public.sections(crn, name, type, expected_population, course_id, calendar_id, schedule_id) VALUES (20353, '02', 'lecture', 28, 4, 45, 59);
INSERT INTO public.sections(crn, name, type, expected_population, course_id, calendar_id, schedule_id) VALUES (20353, '02', 'lab', 28, 4, 37, 59);
INSERT INTO public.sections(crn, name, type, expected_population, course_id, calendar_id, schedule_id) VALUES (20352, '01', 'lecture', 28, 4, 45, 59);
INSERT INTO public.sections(crn, name, type, expected_population, course_id, calendar_id, schedule_id) VALUES (20352, '01', 'lab', 28, 4, 34, 59);
INSERT INTO public.sections(crn, name, type, expected_population, course_id, calendar_id, schedule_id) VALUES (24307, '03', 'lecture', 28, 4, 45, 59);
INSERT INTO public.sections(crn, name, type, expected_population, course_id, calendar_id, schedule_id) VALUES (24307, '03', 'lab', 28, 4, 33, 59);
INSERT INTO public.sections(crn, name, type, expected_population, course_id, calendar_id, schedule_id) VALUES (20341, '01', 'lecture', 108, 5, 47, 7);
INSERT INTO public.sections(crn, name, type, expected_population, course_id, calendar_id, schedule_id) VALUES (20342, 'X02', 'lab', 27, 5, 38, null);
INSERT INTO public.sections(crn, name, type, expected_population, course_id, calendar_id, schedule_id) VALUES (23502, 'X01', 'lab', 27, 5, 37, 7);
INSERT INTO public.sections(crn, name, type, expected_population, course_id, calendar_id, schedule_id) VALUES (20343, 'X03', 'lab', 27, 5, 39, 7);
INSERT INTO public.sections(crn, name, type, expected_population, course_id, calendar_id, schedule_id) VALUES (24309, 'X04', 'lab', 27, 5, 41, 7);
INSERT INTO public.sections(crn, name, type, expected_population, course_id, calendar_id, schedule_id) VALUES (24394, '01', 'lecture', 20, 6, 49, 32);
INSERT INTO public.sections(crn, name, type, expected_population, course_id, calendar_id, schedule_id) VALUES (24394, '01', 'lab', 20, 6, 31, 32);
INSERT INTO public.sections(crn, name, type, expected_population, course_id, calendar_id, schedule_id) VALUES (24395, '02', 'lecture', 20, 6, 49, 32);
INSERT INTO public.sections(crn, name, type, expected_population, course_id, calendar_id, schedule_id) VALUES (24395, '02', 'lab', 20, 6, 32, 32);
INSERT INTO public.sections(crn, name, type, expected_population, course_id, calendar_id, schedule_id) VALUES (24396, '03', 'lecture', 20, 6, 49, 32);
INSERT INTO public.sections(crn, name, type, expected_population, course_id, calendar_id, schedule_id) VALUES (24396, '03', 'lab', 20, 6, 33, 32);
INSERT INTO public.sections(crn, name, type, expected_population, course_id, calendar_id, schedule_id) VALUES (24397, '04', 'lecture', 20, 6, 49, 32);
INSERT INTO public.sections(crn, name, type, expected_population, course_id, calendar_id, schedule_id) VALUES (24397, '04', 'lab', 20, 6, 34, 32);
INSERT INTO public.sections(crn, name, type, expected_population, course_id, calendar_id, schedule_id) VALUES (20068, '01', 'lecture', 125, 7, 46, 25);
INSERT INTO public.sections(crn, name, type, expected_population, course_id, calendar_id, schedule_id) VALUES (23746, '02', 'lecture', 50, 7, 50, 17);
INSERT INTO public.sections(crn, name, type, expected_population, course_id, calendar_id, schedule_id) VALUES (20458, '03', 'lecture', 24, 8, 42, 57);
INSERT INTO public.sections(crn, name, type, expected_population, course_id, calendar_id, schedule_id) VALUES (20458, '03', 'lab', 24, 8, 41, 57);
INSERT INTO public.sections(crn, name, type, expected_population, course_id, calendar_id, schedule_id) VALUES (20457, '02', 'lecture', 24, 8, 42, 57);
INSERT INTO public.sections(crn, name, type, expected_population, course_id, calendar_id, schedule_id) VALUES (20457, '02', 'lab', 24, 8, 39, 57);
INSERT INTO public.sections(crn, name, type, expected_population, course_id, calendar_id, schedule_id) VALUES (20456, '01', 'lecture', 24, 8, 42, 57);
INSERT INTO public.sections(crn, name, type, expected_population, course_id, calendar_id, schedule_id) VALUES (20456, '01', 'lab', 24, 8, 38, 57);
INSERT INTO public.sections(crn, name, type, expected_population, course_id, calendar_id, schedule_id) VALUES (24303, '02', 'lecture', 100, 9, 30, 5);
INSERT INTO public.sections(crn, name, type, expected_population, course_id, calendar_id, schedule_id) VALUES (20421, 'X06', 'lab', 29, 9, 8, 5);
INSERT INTO public.sections(crn, name, type, expected_population, course_id, calendar_id, schedule_id) VALUES (24305, 'X07', 'lab', 29, 9, 7, 5);
INSERT INTO public.sections(crn, name, type, expected_population, course_id, calendar_id, schedule_id) VALUES (24304, 'X01', 'lab', 30, 9, 12, 5);
INSERT INTO public.sections(crn, name, type, expected_population, course_id, calendar_id, schedule_id) VALUES (20336, 'X02', 'lab', 30, 9, 16, 5);
INSERT INTO public.sections(crn, name, type, expected_population, course_id, calendar_id, schedule_id) VALUES (20337, 'X03', 'lab', 30, 9, 17, 5);
INSERT INTO public.sections(crn, name, type, expected_population, course_id, calendar_id, schedule_id) VALUES (20287, 'X04', 'lab', 30, 9, 18, 5);
INSERT INTO public.sections(crn, name, type, expected_population, course_id, calendar_id, schedule_id) VALUES (20420, 'X05', 'lab', 30, 9, 6, 5);
INSERT INTO public.sections(crn, name, type, expected_population, course_id, calendar_id, schedule_id) VALUES (20335, '01', 'lecture', 110, 9, 26, 5);
INSERT INTO public.sections(crn, name, type, expected_population, course_id, calendar_id, schedule_id) VALUES (22854, '02', 'lecture', 65, 10, 24, 22);
INSERT INTO public.sections(crn, name, type, expected_population, course_id, calendar_id, schedule_id) VALUES (20069, '01', 'lecture', 80, 10, 23, 37);
INSERT INTO public.sections(crn, name, type, expected_population, course_id, calendar_id, schedule_id) VALUES (20632, '01', 'lecture', 70, 11, 47, 15);
INSERT INTO public.sections(crn, name, type, expected_population, course_id, calendar_id, schedule_id) VALUES (25204, '02', 'lecture', 30, 12, 20, 57);
INSERT INTO public.sections(crn, name, type, expected_population, course_id, calendar_id, schedule_id) VALUES (22109, '01', 'lecture', 30, 12, 28, 18);
INSERT INTO public.sections(crn, name, type, expected_population, course_id, calendar_id, schedule_id) VALUES (20070, '01', 'lecture', 30, 12, 45, 18);
INSERT INTO public.sections(crn, name, type, expected_population, course_id, calendar_id, schedule_id) VALUES (23382, '02', 'lecture', 30, 12, 44, 52);
INSERT INTO public.sections(crn, name, type, expected_population, course_id, calendar_id, schedule_id) VALUES (20071, '01', 'lecture', 110, 13, 29, 31);
INSERT INTO public.sections(crn, name, type, expected_population, course_id, calendar_id, schedule_id) VALUES (20661, '01', 'lecture', 90, 14, 30, 26);
INSERT INTO public.sections(crn, name, type, expected_population, course_id, calendar_id, schedule_id) VALUES (23711, '01', 'lecture', 75, 15, 28, 32);
INSERT INTO public.sections(crn, name, type, expected_population, course_id, calendar_id, schedule_id) VALUES (23711, '01', 'lab', 75, 15, 15, 32);
INSERT INTO public.sections(crn, name, type, expected_population, course_id, calendar_id, schedule_id) VALUES (21022, '02', 'lecture', 75, 15, 50, 39);
INSERT INTO public.sections(crn, name, type, expected_population, course_id, calendar_id, schedule_id) VALUES (21022, '02', 'lab', 75, 15, 40, 39);
INSERT INTO public.sections(crn, name, type, expected_population, course_id, calendar_id, schedule_id) VALUES (20072, '01', 'lecture', 75, 15, 47, 39);
INSERT INTO public.sections(crn, name, type, expected_population, course_id, calendar_id, schedule_id) VALUES (20072, '01', 'lab', 75, 15, 36, 39);
INSERT INTO public.sections(crn, name, type, expected_population, course_id, calendar_id, schedule_id) VALUES (20508, '02', 'lecture', 25, 16, 26, null);
INSERT INTO public.sections(crn, name, type, expected_population, course_id, calendar_id, schedule_id) VALUES (20508, '02', 'lab', 25, 16, 11, null);
INSERT INTO public.sections(crn, name, type, expected_population, course_id, calendar_id, schedule_id) VALUES (20437, '01', 'lecture', 25, 16, 26, null);
INSERT INTO public.sections(crn, name, type, expected_population, course_id, calendar_id, schedule_id) VALUES (20437, '01', 'lab', 25, 16, 12, null);
INSERT INTO public.sections(crn, name, type, expected_population, course_id, calendar_id, schedule_id) VALUES (24563, '01', 'lecture', 60, 17, 50, 56);
INSERT INTO public.sections(crn, name, type, expected_population, course_id, calendar_id, schedule_id) VALUES (20792, '01', 'lecture', 70, 18, 21, 56);
INSERT INTO public.sections(crn, name, type, expected_population, course_id, calendar_id, schedule_id) VALUES (23322, '01', 'lecture', 65, 19, 43, 36);
INSERT INTO public.sections(crn, name, type, expected_population, course_id, calendar_id, schedule_id) VALUES (24153, '01', 'lecture', 60, 20, 45, 26);
INSERT INTO public.sections(crn, name, type, expected_population, course_id, calendar_id, schedule_id) VALUES (24311, '01', 'lecture', 60, 21, 42, 22);
INSERT INTO public.sections(crn, name, type, expected_population, course_id, calendar_id, schedule_id) VALUES (24146, '01', 'lecture', 60, 22, 22, 2);
INSERT INTO public.sections(crn, name, type, expected_population, course_id, calendar_id, schedule_id) VALUES (24334, '01', 'lecture', 45, 23, 29, 8);
INSERT INTO public.sections(crn, name, type, expected_population, course_id, calendar_id, schedule_id) VALUES (25177, '01', 'lecture', 30, 24, 48, 38);
INSERT INTO public.sections(crn, name, type, expected_population, course_id, calendar_id, schedule_id) VALUES (24399, '01', 'lecture', 65, 25, 26, 7);
INSERT INTO public.sections(crn, name, type, expected_population, course_id, calendar_id, schedule_id) VALUES (24172, '01', 'lecture', 65, 26, 19, 15);
INSERT INTO public.sections(crn, name, type, expected_population, course_id, calendar_id, schedule_id) VALUES (21233, '191', 'lecture', 40, 27, 4, 59);
INSERT INTO public.sections(crn, name, type, expected_population, course_id, calendar_id, schedule_id) VALUES (21234, '191', 'lecture', 25, 29, 56, 8);
INSERT INTO public.sections(crn, name, type, expected_population, course_id, calendar_id, schedule_id) VALUES (21235, '191', 'lecture', 30, 30, 52, 57);
INSERT INTO public.sections(crn, name, type, expected_population, course_id, calendar_id, schedule_id) VALUES (21236, '192', 'lecture', 10, 30, 52, 57);
INSERT INTO public.sections(crn, name, type, expected_population, course_id, calendar_id, schedule_id) VALUES (22388, '191R', 'lecture', 30, 31, 54, 27);
INSERT INTO public.sections(crn, name, type, expected_population, course_id, calendar_id, schedule_id) VALUES (25262, '191D', 'lecture', 35, 31, 55, 38);
INSERT INTO public.sections(crn, name, type, expected_population, course_id, calendar_id, schedule_id) VALUES (24417, '191W', 'lecture', 40, 31, 51, 23);
INSERT INTO public.sections(crn, name, type, expected_population, course_id, calendar_id, schedule_id) VALUES (24398, '191T', 'lecture', 30, 31, 51, 13);
INSERT INTO public.sections(crn, name, type, expected_population, course_id, calendar_id, schedule_id) VALUES (22944, '191', 'lecture', 60, 32, 52, 3);
INSERT INTO public.sections(crn, name, type, expected_population, course_id, calendar_id, schedule_id) VALUES (23312, '191', 'lecture', 60, 33, 59, 20);
INSERT INTO public.sections(crn, name, type, expected_population, course_id, calendar_id, schedule_id) VALUES (21241, '191', 'lecture', 40, 34, 53, 62);
INSERT INTO public.sections(crn, name, type, expected_population, course_id, calendar_id, schedule_id) VALUES (21242, '192', 'lecture', 10, 34, 53, 62);
INSERT INTO public.sections(crn, name, type, expected_population, course_id, calendar_id, schedule_id) VALUES (23313, '191', 'lecture', 40, 35, 51, 2);
INSERT INTO public.sections(crn, name, type, expected_population, course_id, calendar_id, schedule_id) VALUES (24202, '191', 'lecture', 30, 37, 55, 16);
INSERT INTO public.sections(crn, name, type, expected_population, course_id, calendar_id, schedule_id) VALUES (23315, '191', 'lecture', 20, 39, 57, 15);
INSERT INTO public.sections(crn, name, type, expected_population, course_id, calendar_id, schedule_id) VALUES (23290, '191', 'lecture', 5, 40, 57, 15);
INSERT INTO public.sections(crn, name, type, expected_population, course_id, calendar_id, schedule_id) VALUES (24358, '191', 'lecture', 55, 41, 58, 54);
INSERT INTO public.sections(crn, name, type, expected_population, course_id, calendar_id, schedule_id) VALUES (24142, '191', 'lecture', 30, 42, 52, null);

----------------POPULATE REQUEST_STATE ---------------

INSERT INTO public.request_state(state) VALUES ('approved');
INSERT INTO public.request_state(state) VALUES ('denied');
INSERT INTO public.request_state(state) VALUES ('pending');

----------------POPULATE REQUEST_TYPE ---------------

INSERT INTO public.request_type(type) VALUES ('time');
INSERT INTO public.request_type(type) VALUES ('section');
INSERT INTO public.request_type(type) VALUES ('time and section');

----------------POPULATE USER_ROLES ---------------

INSERT INTO public.user_roles(role_name,deleted) VALUES ('admin',false);
INSERT INTO public.user_roles(role_name,deleted) VALUES ('faculty',false);

----------------POPULATE USERS_ROLES_LINKS ---------------

INSERT INTO users_roles_links(user_id, role_id) VALUES(1, 2);
INSERT INTO users_roles_links(user_id, role_id) VALUES(2, 2);
INSERT INTO users_roles_links(user_id, role_id) VALUES(3, 2);
INSERT INTO users_roles_links(user_id, role_id) VALUES(4, 2);
INSERT INTO users_roles_links(user_id, role_id) VALUES(5, 2);
INSERT INTO users_roles_links(user_id, role_id) VALUES(6, 2);
INSERT INTO users_roles_links(user_id, role_id) VALUES(7, 2);
INSERT INTO users_roles_links(user_id, role_id) VALUES(8, 2);
INSERT INTO users_roles_links(user_id, role_id) VALUES(9, 2);
INSERT INTO users_roles_links(user_id, role_id) VALUES(10, 2);
INSERT INTO users_roles_links(user_id, role_id) VALUES(11, 2);
INSERT INTO users_roles_links(user_id, role_id) VALUES(12, 2);
INSERT INTO users_roles_links(user_id, role_id) VALUES(13, 2);
INSERT INTO users_roles_links(user_id, role_id) VALUES(14, 2);
INSERT INTO users_roles_links(user_id, role_id) VALUES(15, 2);
INSERT INTO users_roles_links(user_id, role_id) VALUES(16, 2);
INSERT INTO users_roles_links(user_id, role_id) VALUES(17, 2);
INSERT INTO users_roles_links(user_id, role_id) VALUES(18, 2);
INSERT INTO users_roles_links(user_id, role_id) VALUES(19, 2);
INSERT INTO users_roles_links(user_id, role_id) VALUES(20, 2);
INSERT INTO users_roles_links(user_id, role_id) VALUES(21, 2);
INSERT INTO users_roles_links(user_id, role_id) VALUES(22, 2);
INSERT INTO users_roles_links(user_id, role_id) VALUES(23, 2);
INSERT INTO users_roles_links(user_id, role_id) VALUES(24, 2);
INSERT INTO users_roles_links(user_id, role_id) VALUES(25, 2);
INSERT INTO users_roles_links(user_id, role_id) VALUES(26, 2);
INSERT INTO users_roles_links(user_id, role_id) VALUES(27, 2);
INSERT INTO users_roles_links(user_id, role_id) VALUES(28, 2);
INSERT INTO users_roles_links(user_id, role_id) VALUES(29, 2);
INSERT INTO users_roles_links(user_id, role_id) VALUES(30, 2);
INSERT INTO users_roles_links(user_id, role_id) VALUES(31, 2);
INSERT INTO users_roles_links(user_id, role_id) VALUES(32, 1);
INSERT INTO users_roles_links(user_id, role_id) VALUES(33, 2);
INSERT INTO users_roles_links(user_id, role_id) VALUES(34, 2);
INSERT INTO users_roles_links(user_id, role_id) VALUES(35, 2);
INSERT INTO users_roles_links(user_id, role_id) VALUES(36, 2);
INSERT INTO users_roles_links(user_id, role_id) VALUES(37, 2);
INSERT INTO users_roles_links(user_id, role_id) VALUES(38, 2);
INSERT INTO users_roles_links(user_id, role_id) VALUES(39, 2);
INSERT INTO users_roles_links(user_id, role_id) VALUES(40, 2);
INSERT INTO users_roles_links(user_id, role_id) VALUES(41, 2);
INSERT INTO users_roles_links(user_id, role_id) VALUES(42, 2);
INSERT INTO users_roles_links(user_id, role_id) VALUES(43, 2);
INSERT INTO users_roles_links(user_id, role_id) VALUES(44, 2);
INSERT INTO users_roles_links(user_id, role_id) VALUES(45, 2);
INSERT INTO users_roles_links(user_id, role_id) VALUES(46, 2);
INSERT INTO users_roles_links(user_id, role_id) VALUES(47, 2);
INSERT INTO users_roles_links(user_id, role_id) VALUES(48, 2);
INSERT INTO users_roles_links(user_id, role_id) VALUES(49, 2);
INSERT INTO users_roles_links(user_id, role_id) VALUES(50, 2);
INSERT INTO users_roles_links(user_id, role_id) VALUES(51, 2);
INSERT INTO users_roles_links(user_id, role_id) VALUES(52, 2);
INSERT INTO users_roles_links(user_id, role_id) VALUES(53, 2);
INSERT INTO users_roles_links(user_id, role_id) VALUES(54, 2);
INSERT INTO users_roles_links(user_id, role_id) VALUES(55, 2);
INSERT INTO users_roles_links(user_id, role_id) VALUES(56, 2);
INSERT INTO users_roles_links(user_id, role_id) VALUES(57, 2);
INSERT INTO users_roles_links(user_id, role_id) VALUES(58, 2);
INSERT INTO users_roles_links(user_id, role_id) VALUES(59, 2);
INSERT INTO users_roles_links(user_id, role_id) VALUES(60, 2);
INSERT INTO users_roles_links(user_id, role_id) VALUES(61, 2);
INSERT INTO users_roles_links(user_id, role_id) VALUES(62, 2);